{"cameraMode":{"drawMode":0,"name":"Shaded","section":"Shading Mode"},"sceneLighting":true,"audioPlay":false,"sceneViewState":{"showFog":true,"showMaterialUpdate":false,"showSkybox":true,"showFlares":true,"showImageEffects":true,"showParticleSystems":true},"in2DMode":false,"pivot":{"x":-0.4759836196899414,"y":3.2717061042785646,"z":0.8526403903961182},"rotation":{"x":-0.15525636076927186,"y":0.8105674982070923,"z":-0.2480756789445877,"w":-0.5072867274284363},"size":4.489131927490234,"orthographic":false}