{"cameraMode":{"drawMode":0,"name":"Shaded","section":"Shading Mode"},"sceneLighting":true,"audioPlay":false,"sceneViewState":{"showFog":true,"showMaterialUpdate":false,"showSkybox":true,"showFlares":true,"showImageEffects":true,"showParticleSystems":true},"in2DMode":false,"pivot":{"x":18.02079200744629,"y":9.755812644958496,"z":17.95113182067871},"rotation":{"x":-0.14314819872379304,"y":-0.8212646842002869,"z":0.23526877164840699,"w":-0.4996896982192993},"size":7.0269269943237309,"orthographic":false}