{"cameraMode":{"drawMode":0,"name":"Shaded","section":"Shading Mode"},"sceneLighting":true,"audioPlay":false,"sceneViewState":{"showFog":true,"showMaterialUpdate":false,"showSkybox":true,"showFlares":true,"showImageEffects":true,"showParticleSystems":true},"in2DMode":false,"pivot":{"x":18.920000076293947,"y":7.057499885559082,"z":1.059999942779541},"rotation":{"x":-0.15799155831336976,"y":-0.4224033057689667,"z":0.07503731548786164,"w":-0.8893737196922302},"size":7.515031337738037,"orthographic":false}