{"cameraMode":{"drawMode":0,"name":"Shaded","section":"Shading Mode"},"sceneLighting":true,"audioPlay":false,"sceneViewState":{"showFog":true,"showMaterialUpdate":false,"showSkybox":true,"showFlares":true,"showImageEffects":true,"showParticleSystems":true},"in2DMode":false,"pivot":{"x":16.82727813720703,"y":-9.463683128356934,"z":-5.112717628479004},"rotation":{"x":-0.27173322439193728,"y":-0.7265752553939819,"z":0.47436821460723879,"w":-0.41620588302612307},"size":22.17762565612793,"orthographic":false}