{"cameraMode":{"drawMode":0,"name":"Shaded","section":"Shading Mode"},"sceneLighting":true,"audioPlay":false,"sceneViewState":{"showFog":true,"showMaterialUpdate":false,"showSkybox":true,"showFlares":true,"showImageEffects":true,"showParticleSystems":true},"in2DMode":false,"pivot":{"x":-5.674343585968018,"y":7.242927551269531,"z":8.189056396484375},"rotation":{"x":0.04703245311975479,"y":0.9525100588798523,"z":-0.19705303013324738,"w":0.22734488546848298},"size":4.186695098876953,"orthographic":false}