{"cameraMode":{"drawMode":0,"name":"Shaded","section":"Shading Mode"},"sceneLighting":false,"audioPlay":false,"sceneViewState":{"showFog":false,"showMaterialUpdate":false,"showSkybox":false,"showFlares":false,"showImageEffects":false,"showParticleSystems":false},"in2DMode":false,"pivot":{"x":-9.220000267028809,"y":2.059999942779541,"z":4.800000190734863},"rotation":{"x":0.12258333712816239,"y":-0.8519933223724365,"z":0.23037651181221009,"w":0.454023540019989},"size":10.596806526184082,"orthographic":false}