{"cameraMode":{"drawMode":0,"name":"Shaded","section":"Shading Mode"},"sceneLighting":true,"audioPlay":false,"sceneViewState":{"showFog":false,"showMaterialUpdate":false,"showSkybox":false,"showFlares":false,"showImageEffects":false,"showParticleSystems":false},"in2DMode":false,"pivot":{"x":6.003841400146484,"y":1.825270652770996,"z":6.066493034362793},"rotation":{"x":-0.04198811575770378,"y":0.916238009929657,"z":-0.3859618306159973,"w":-0.09935583919286728},"size":6.055335998535156,"orthographic":false}