{"cameraMode":{"drawMode":0,"name":"Shaded","section":"Shading Mode"},"sceneLighting":true,"audioPlay":false,"sceneViewState":{"showFog":false,"showMaterialUpdate":false,"showSkybox":false,"showFlares":false,"showImageEffects":false,"showParticleSystems":false},"in2DMode":false,"pivot":{"x":11.619999885559082,"y":5.5218000411987309,"z":-5.680600166320801},"rotation":{"x":0.050150468945503238,"y":0.9341490864753723,"z":-0.3221655786037445,"w":0.14546120166778565},"size":1.0818735361099244,"orthographic":false}