{"cameraMode":{"drawMode":0,"name":"Shaded","section":"Shading Mode"},"sceneLighting":true,"audioPlay":false,"sceneViewState":{"showFog":false,"showMaterialUpdate":false,"showSkybox":false,"showFlares":false,"showImageEffects":false,"showParticleSystems":false},"in2DMode":false,"pivot":{"x":8.1841402053833,"y":8.851938247680664,"z":5.036769866943359},"rotation":{"x":0.10059430450201035,"y":-0.30500122904777529,"z":-0.03247812017798424,"w":-0.9465204477310181},"size":3.0611138343811037,"orthographic":false}