{"cameraMode":{"drawMode":0,"name":"Shaded","section":"Shading Mode"},"sceneLighting":false,"audioPlay":false,"sceneViewState":{"showFog":false,"showMaterialUpdate":false,"showSkybox":false,"showFlares":false,"showImageEffects":false,"showParticleSystems":false},"in2DMode":false,"pivot":{"x":5.3582940101623539,"y":9.149006843566895,"z":-28.75534439086914},"rotation":{"x":0.008685901761054993,"y":-0.9897419214248657,"z":-0.06991006433963776,"w":-0.12480276823043823},"size":8.17527961730957,"orthographic":false}