{"cameraMode":{"drawMode":0,"name":"Shaded","section":"Shading Mode"},"sceneLighting":false,"audioPlay":false,"sceneViewState":{"showFog":false,"showMaterialUpdate":false,"showSkybox":false,"showFlares":false,"showImageEffects":false,"showParticleSystems":false},"in2DMode":false,"pivot":{"x":3.2049999237060549,"y":1.374500036239624,"z":-0.2460000067949295},"rotation":{"x":0.12258333712816239,"y":-0.8519933223724365,"z":0.23037651181221009,"w":0.454023540019989},"size":3.4959816932678224,"orthographic":false}