{"cameraMode":{"drawMode":0,"name":"Shaded","section":"Shading Mode"},"sceneLighting":false,"audioPlay":false,"sceneViewState":{"showFog":false,"showMaterialUpdate":false,"showSkybox":false,"showFlares":false,"showImageEffects":false,"showParticleSystems":false},"in2DMode":false,"pivot":{"x":18.896604537963868,"y":19.023792266845704,"z":-5.957367420196533},"rotation":{"x":-0.29508933424949648,"y":0.6277267932891846,"z":-0.2995127737522125,"w":-0.6562848091125488},"size":18.01630401611328,"orthographic":false}