{"cameraMode":{"drawMode":0,"name":"Shaded","section":"Shading Mode"},"sceneLighting":true,"audioPlay":false,"sceneViewState":{"showFog":false,"showMaterialUpdate":false,"showSkybox":false,"showFlares":false,"showImageEffects":false,"showParticleSystems":false},"in2DMode":false,"pivot":{"x":0.9846479892730713,"y":-6.342825889587402,"z":-19.573278427124025},"rotation":{"x":0.008310810662806034,"y":-0.9258487224578857,"z":0.37744447588920596,"w":0.020834077149629594},"size":15.848896026611329,"orthographic":false}