{"cameraMode":{"drawMode":0,"name":"Shaded","section":"Shading Mode"},"sceneLighting":false,"audioPlay":false,"sceneViewState":{"showFog":false,"showMaterialUpdate":false,"showSkybox":false,"showFlares":false,"showImageEffects":false,"showParticleSystems":false},"in2DMode":false,"pivot":{"x":-20.419483184814454,"y":7.359484672546387,"z":-23.39073944091797},"rotation":{"x":-0.006008063908666372,"y":-0.9909315705299377,"z":0.041559819132089618,"w":-0.12954358756542207},"size":10.0,"orthographic":false}