{"cameraMode":{"drawMode":0,"name":"Shaded","section":"Shading Mode"},"sceneLighting":true,"audioPlay":false,"sceneViewState":{"showFog":false,"showMaterialUpdate":false,"showSkybox":false,"showFlares":false,"showImageEffects":false,"showParticleSystems":false},"in2DMode":false,"pivot":{"x":18.556365966796876,"y":12.745655059814454,"z":15.5784273147583},"rotation":{"x":-0.02046274207532406,"y":-0.9070765972137451,"z":0.04472366347908974,"w":-0.4181765913963318},"size":4.592825889587402,"orthographic":false}