{"cameraMode":{"drawMode":0,"name":"Shaded","section":"Shading Mode"},"sceneLighting":true,"audioPlay":false,"sceneViewState":{"showFog":false,"showMaterialUpdate":false,"showSkybox":false,"showFlares":false,"showImageEffects":false,"showParticleSystems":false},"in2DMode":false,"pivot":{"x":19.62213134765625,"y":12.889692306518555,"z":-0.045765042304992679},"rotation":{"x":-0.2866816520690918,"y":0.611635684967041,"z":-0.26557010412216189,"w":-0.6889815330505371},"size":4.179290771484375,"orthographic":false}