{"cameraMode":{"drawMode":0,"name":"Shaded","section":"Shading Mode"},"sceneLighting":true,"audioPlay":false,"sceneViewState":{"showFog":false,"showMaterialUpdate":false,"showSkybox":false,"showFlares":false,"showImageEffects":false,"showParticleSystems":false},"in2DMode":false,"pivot":{"x":29.96549415588379,"y":-2.431568145751953,"z":9.237497329711914},"rotation":{"x":0.17379812896251679,"y":0.8220717906951904,"z":-0.42611128091812136,"w":0.3353581130504608},"size":8.939882278442383,"orthographic":false}