{"cameraMode":{"drawMode":0,"name":"Shaded","section":"Shading Mode"},"sceneLighting":false,"audioPlay":false,"sceneViewState":{"showFog":false,"showMaterialUpdate":false,"showSkybox":false,"showFlares":false,"showImageEffects":false,"showParticleSystems":false},"in2DMode":false,"pivot":{"x":3.3746931552886965,"y":1.4954643249511719,"z":31.85720443725586},"rotation":{"x":-0.4366181194782257,"y":0.5493324398994446,"z":-0.45387959480285647,"w":-0.5509352684020996},"size":6.681386947631836,"orthographic":false}