{"cameraMode":{"drawMode":0,"name":"Shaded","section":"Shading Mode"},"sceneLighting":true,"audioPlay":false,"sceneViewState":{"showFog":false,"showMaterialUpdate":false,"showSkybox":false,"showFlares":false,"showImageEffects":false,"showParticleSystems":false},"in2DMode":false,"pivot":{"x":20.687618255615236,"y":6.524742603302002,"z":15.919632911682129},"rotation":{"x":-0.3088292181491852,"y":-0.5978288650512695,"z":0.26795679330825808,"w":-0.6895666122436523},"size":4.592825889587402,"orthographic":false}