{"cameraMode":{"drawMode":0,"name":"Shaded","section":"Shading Mode"},"sceneLighting":true,"audioPlay":false,"sceneViewState":{"showFog":false,"showMaterialUpdate":false,"showSkybox":false,"showFlares":false,"showImageEffects":false,"showParticleSystems":false},"in2DMode":false,"pivot":{"x":4.0355448722839359,"y":49.04276657104492,"z":-18.12006187438965},"rotation":{"x":0.4325767159461975,"y":-0.39375805854797366,"z":0.2238573431968689,"w":0.7800570726394653},"size":0.6558132171630859,"orthographic":false}