{"cameraMode":{"drawMode":0,"name":"Shaded","section":"Shading Mode"},"sceneLighting":false,"audioPlay":false,"sceneViewState":{"showFog":false,"showMaterialUpdate":false,"showSkybox":false,"showFlares":false,"showImageEffects":false,"showParticleSystems":false},"in2DMode":false,"pivot":{"x":-15.77206039428711,"y":-1.9821405410766602,"z":14.493385314941407},"rotation":{"x":-0.13634704053401948,"y":0.5100198984146118,"z":-0.09137076139450073,"w":-0.8456889390945435},"size":14.978010177612305,"orthographic":false}