{"cameraMode":{"drawMode":0,"name":"Shaded","section":"Shading Mode"},"sceneLighting":true,"audioPlay":false,"sceneViewState":{"showFog":true,"showMaterialUpdate":false,"showSkybox":true,"showFlares":true,"showImageEffects":true,"showParticleSystems":true},"in2DMode":false,"pivot":{"x":6.524663925170898,"y":-0.8823574185371399,"z":32.64619445800781},"rotation":{"x":0.39261457324028017,"y":0.13871201872825623,"z":-0.05945596098899841,"w":0.9073387384414673},"size":13.598653793334961,"orthographic":false}