{"cameraMode":{"drawMode":0,"name":"Shaded","section":"Shading Mode"},"sceneLighting":false,"audioPlay":false,"sceneViewState":{"showFog":false,"showMaterialUpdate":false,"showSkybox":false,"showFlares":false,"showImageEffects":false,"showParticleSystems":false},"in2DMode":false,"pivot":{"x":-5.234558582305908,"y":-5.7091264724731449,"z":-6.201857089996338},"rotation":{"x":0.1510988026857376,"y":-0.8364859223365784,"z":0.4420909285545349,"w":0.2872457504272461},"size":9.732963562011719,"orthographic":false}