{"cameraMode":{"drawMode":0,"name":"Shaded","section":"Shading Mode"},"sceneLighting":true,"audioPlay":false,"sceneViewState":{"showFog":false,"showMaterialUpdate":false,"showSkybox":false,"showFlares":false,"showImageEffects":false,"showParticleSystems":false},"in2DMode":false,"pivot":{"x":22.50645637512207,"y":6.8713226318359379,"z":12.733262062072754},"rotation":{"x":-0.0022757004480808975,"y":-0.9974150657653809,"z":0.06351972371339798,"w":-0.03498196229338646},"size":4.746891975402832,"orthographic":false}