{"cameraMode":{"drawMode":0,"name":"Shaded","section":"Shading Mode"},"sceneLighting":false,"audioPlay":false,"sceneViewState":{"showFog":false,"showMaterialUpdate":false,"showSkybox":false,"showFlares":false,"showImageEffects":false,"showParticleSystems":false},"in2DMode":false,"pivot":{"x":-2.7415664196014406,"y":-0.7215356826782227,"z":11.515071868896485},"rotation":{"x":0.3462401330471039,"y":-0.6315335035324097,"z":0.37487271428108218,"w":0.5838587284088135},"size":13.980706214904786,"orthographic":false}