{"cameraMode":{"drawMode":0,"name":"Shaded","section":"Shading Mode"},"sceneLighting":true,"audioPlay":false,"sceneViewState":{"showFog":false,"showMaterialUpdate":false,"showSkybox":false,"showFlares":false,"showImageEffects":false,"showParticleSystems":false},"in2DMode":false,"pivot":{"x":21.50202751159668,"y":18.719654083251954,"z":19.96480369567871},"rotation":{"x":-0.35063600540161135,"y":-0.06630729138851166,"z":0.01924019120633602,"w":-0.9347483515739441},"size":1.368058681488037,"orthographic":false}