{"cameraMode":{"drawMode":0,"name":"Shaded","section":"Shading Mode"},"sceneLighting":false,"audioPlay":false,"sceneViewState":{"showFog":false,"showMaterialUpdate":false,"showSkybox":false,"showFlares":false,"showImageEffects":false,"showParticleSystems":false},"in2DMode":false,"pivot":{"x":0.9346516132354736,"y":2.130777359008789,"z":6.439162254333496},"rotation":{"x":-0.15570935606956483,"y":0.8256899118423462,"z":-0.4433326721191406,"w":-0.3155042827129364},"size":4.483731746673584,"orthographic":false}