{"cameraMode":{"drawMode":0,"name":"Shaded","section":"Shading Mode"},"sceneLighting":false,"audioPlay":false,"sceneViewState":{"showFog":false,"showMaterialUpdate":false,"showSkybox":false,"showFlares":false,"showImageEffects":false,"showParticleSystems":false},"in2DMode":false,"pivot":{"x":16.40787124633789,"y":4.838649749755859,"z":12.225482940673829},"rotation":{"x":0.15344654023647309,"y":-0.8416265249252319,"z":0.31400081515312197,"w":0.4118990898132324},"size":5.565952301025391,"orthographic":false}