{"cameraMode":{"drawMode":0,"name":"Shaded","section":"Shading Mode"},"sceneLighting":false,"audioPlay":false,"sceneViewState":{"showFog":false,"showMaterialUpdate":false,"showSkybox":false,"showFlares":false,"showImageEffects":false,"showParticleSystems":false},"in2DMode":false,"pivot":{"x":-51.57399368286133,"y":-14.578075408935547,"z":1.8562955856323243},"rotation":{"x":0.15858282148838044,"y":-0.8201628923416138,"z":0.27278903126716616,"w":0.4773888885974884},"size":25.316879272460939,"orthographic":false}