{"cameraMode":{"drawMode":0,"name":"Shaded","section":"Shading Mode"},"sceneLighting":false,"audioPlay":false,"sceneViewState":{"showFog":false,"showMaterialUpdate":false,"showSkybox":false,"showFlares":false,"showImageEffects":false,"showParticleSystems":false},"in2DMode":false,"pivot":{"x":-0.7982230186462402,"y":0.8915975093841553,"z":63.16087341308594},"rotation":{"x":0.24464792013168336,"y":-0.7496527433395386,"z":0.37903574109077456,"w":0.48439401388168337},"size":12.056455612182618,"orthographic":false}