{"cameraMode":{"drawMode":0,"name":"Shaded","section":"Shading Mode"},"sceneLighting":false,"audioPlay":false,"sceneViewState":{"showFog":false,"showMaterialUpdate":false,"showSkybox":false,"showFlares":false,"showImageEffects":false,"showParticleSystems":false},"in2DMode":false,"pivot":{"x":-26.962703704833986,"y":23.924938201904298,"z":-6.34601354598999},"rotation":{"x":-0.06197480857372284,"y":-0.9314389824867249,"z":-0.30503106117248537,"w":0.1888459324836731},"size":14.142135620117188,"orthographic":false}