{"cameraMode":{"drawMode":0,"name":"Shaded","section":"Shading Mode"},"sceneLighting":false,"audioPlay":false,"sceneViewState":{"showFog":false,"showMaterialUpdate":false,"showSkybox":false,"showFlares":false,"showImageEffects":false,"showParticleSystems":false},"in2DMode":false,"pivot":{"x":2.890000104904175,"y":3.9187493324279787,"z":9.750000953674317},"rotation":{"x":-0.1059456467628479,"y":0.15323226153850556,"z":-0.027348505333065988,"w":-0.9831770062446594},"size":4.597728729248047,"orthographic":false}