{"cameraMode":{"drawMode":0,"name":"Shaded","section":"Shading Mode"},"sceneLighting":false,"audioPlay":false,"sceneViewState":{"showFog":false,"showMaterialUpdate":false,"showSkybox":false,"showFlares":false,"showImageEffects":false,"showParticleSystems":false},"in2DMode":false,"pivot":{"x":13.129514694213868,"y":-11.861913681030274,"z":37.59659957885742},"rotation":{"x":-0.28238511085510256,"y":0.10333900898694992,"z":-0.03063889779150486,"w":-0.9532518982887268},"size":23.5301456451416,"orthographic":false}