{"cameraMode":{"drawMode":0,"name":"Shaded","section":"Shading Mode"},"sceneLighting":true,"audioPlay":false,"sceneViewState":{"showFog":false,"showMaterialUpdate":false,"showSkybox":false,"showFlares":false,"showImageEffects":false,"showParticleSystems":false},"in2DMode":false,"pivot":{"x":-6.925777912139893,"y":-12.977213859558106,"z":-4.098883152008057},"rotation":{"x":0.24898408353328706,"y":-0.7509737014770508,"z":0.42748722434043887,"w":0.4373858869075775},"size":9.184515953063965,"orthographic":false}