{"cameraMode":{"drawMode":0,"name":"Shaded","section":"Shading Mode"},"sceneLighting":false,"audioPlay":false,"sceneViewState":{"showFog":false,"showMaterialUpdate":false,"showSkybox":false,"showFlares":false,"showImageEffects":false,"showParticleSystems":false},"in2DMode":false,"pivot":{"x":21.970806121826173,"y":6.552649974822998,"z":-10.36989688873291},"rotation":{"x":0.010932421311736107,"y":0.9888885021209717,"z":-0.15504172444343568,"w":-0.0022564176470041277},"size":3.5834262371063234,"orthographic":false}