{"cameraMode":{"drawMode":0,"name":"Shaded","section":"Shading Mode"},"sceneLighting":false,"audioPlay":false,"sceneViewState":{"showFog":false,"showMaterialUpdate":false,"showSkybox":false,"showFlares":false,"showImageEffects":false,"showParticleSystems":false},"in2DMode":false,"pivot":{"x":-10.565048217773438,"y":14.652765274047852,"z":-7.181657314300537},"rotation":{"x":-0.20217719674110413,"y":0.5886651873588562,"z":-0.17012491822242738,"w":-0.7649796605110169},"size":10.85682487487793,"orthographic":false}