{"cameraMode":{"drawMode":0,"name":"Shaded","section":"Shading Mode"},"sceneLighting":true,"audioPlay":false,"sceneViewState":{"showFog":false,"showMaterialUpdate":false,"showSkybox":false,"showFlares":false,"showImageEffects":false,"showParticleSystems":false},"in2DMode":false,"pivot":{"x":9.876428604125977,"y":2.823765516281128,"z":-2.2951855659484865},"rotation":{"x":0.04048456996679306,"y":0.9300157427787781,"z":-0.34910720586776736,"w":0.10787349939346314},"size":2.416531562805176,"orthographic":false}