{"cameraMode":{"drawMode":0,"name":"Shaded","section":"Shading Mode"},"sceneLighting":false,"audioPlay":false,"sceneViewState":{"showFog":false,"showMaterialUpdate":false,"showSkybox":false,"showFlares":false,"showImageEffects":false,"showParticleSystems":false},"in2DMode":false,"pivot":{"x":7.372035026550293,"y":5.635356903076172,"z":-5.607874393463135},"rotation":{"x":0.5710962414741516,"y":-0.36762723326683047,"z":0.3172030746936798,"w":0.6618844866752625},"size":-0.04415714740753174,"orthographic":false}