{"cameraMode":{"drawMode":0,"name":"Shaded","section":"Shading Mode"},"sceneLighting":false,"audioPlay":false,"sceneViewState":{"showFog":false,"showMaterialUpdate":false,"showSkybox":false,"showFlares":false,"showImageEffects":false,"showParticleSystems":false},"in2DMode":false,"pivot":{"x":10.873750686645508,"y":8.785783767700196,"z":20.89454460144043},"rotation":{"x":-0.29784271121025088,"y":0.19505320489406587,"z":-0.07441197335720062,"w":-0.9326645135879517},"size":7.406166076660156,"orthographic":false}