{"cameraMode":{"drawMode":0,"name":"Shaded","section":"Shading Mode"},"sceneLighting":false,"audioPlay":false,"sceneViewState":{"showFog":false,"showMaterialUpdate":false,"showSkybox":false,"showFlares":false,"showImageEffects":false,"showParticleSystems":false},"in2DMode":false,"pivot":{"x":0.989723265171051,"y":2.715938091278076,"z":5.397067546844482},"rotation":{"x":-0.11378298699855805,"y":0.8666988015174866,"z":-0.40585964918136599,"w":-0.2706671953201294},"size":4.483731746673584,"orthographic":false}