{"cameraMode":{"drawMode":0,"name":"Shaded","section":"Shading Mode"},"sceneLighting":false,"audioPlay":false,"sceneViewState":{"showFog":false,"showMaterialUpdate":false,"showSkybox":false,"showFlares":false,"showImageEffects":false,"showParticleSystems":false},"in2DMode":false,"pivot":{"x":-197.95852661132813,"y":14.17247200012207,"z":-119.217041015625},"rotation":{"x":0.02114841341972351,"y":-0.8802796602249146,"z":0.03970560431480408,"w":0.4724527895450592},"size":121.55297088623047,"orthographic":false}