{"cameraMode":{"drawMode":0,"name":"Shaded","section":"Shading Mode"},"sceneLighting":true,"audioPlay":false,"sceneViewState":{"showFog":true,"showMaterialUpdate":false,"showSkybox":true,"showFlares":true,"showImageEffects":true,"showParticleSystems":true},"in2DMode":false,"pivot":{"x":2.2799997329711916,"y":9.705763816833496,"z":8.515670776367188},"rotation":{"x":-0.0362098291516304,"y":0.9505552053451538,"z":-0.28365960717201235,"w":-0.12139096856117249},"size":2.2479913234710695,"orthographic":false}