{"cameraMode":{"drawMode":0,"name":"Shaded","section":"Shading Mode"},"sceneLighting":true,"audioPlay":false,"sceneViewState":{"showFog":false,"showMaterialUpdate":false,"showSkybox":false,"showFlares":false,"showImageEffects":false,"showParticleSystems":false},"in2DMode":false,"pivot":{"x":10.490153312683106,"y":27.04960823059082,"z":33.21658706665039},"rotation":{"x":-0.35350996255874636,"y":-0.601146936416626,"z":0.3255874216556549,"w":-0.6393928527832031},"size":10.330405235290528,"orthographic":false}