{"cameraMode":{"drawMode":0,"name":"Shaded","section":"Shading Mode"},"sceneLighting":true,"audioPlay":false,"sceneViewState":{"showFog":true,"showMaterialUpdate":false,"showSkybox":true,"showFlares":true,"showImageEffects":true,"showParticleSystems":true},"in2DMode":false,"pivot":{"x":-1.912674903869629,"y":-5.038928985595703,"z":20.7886905670166},"rotation":{"x":0.39897680282592776,"y":-0.49421387910842898,"z":0.2729092836380005,"w":0.7226048111915588},"size":11.72906494140625,"orthographic":false}