{"cameraMode":{"drawMode":0,"name":"Shaded","section":"Shading Mode"},"sceneLighting":true,"audioPlay":false,"sceneViewState":{"showFog":false,"showMaterialUpdate":false,"showSkybox":false,"showFlares":false,"showImageEffects":false,"showParticleSystems":false},"in2DMode":false,"pivot":{"x":14.10425853729248,"y":5.9355902671813969,"z":31.7382755279541},"rotation":{"x":0.04955597594380379,"y":-0.45121458172798159,"z":0.032986994832754138,"w":0.8912596106529236},"size":0.9025453925132752,"orthographic":false}