{"cameraMode":{"drawMode":0,"name":"Shaded","section":"Shading Mode"},"sceneLighting":true,"audioPlay":false,"sceneViewState":{"showFog":false,"showMaterialUpdate":false,"showSkybox":false,"showFlares":false,"showImageEffects":false,"showParticleSystems":false},"in2DMode":false,"pivot":{"x":9.945745468139649,"y":-11.64805793762207,"z":69.95686340332031},"rotation":{"x":0.15362463891506196,"y":-0.11997530609369278,"z":0.026572072878479959,"w":0.9818556904792786},"size":39.24095916748047,"orthographic":false}