{"cameraMode":{"drawMode":0,"name":"Shaded","section":"Shading Mode"},"sceneLighting":false,"audioPlay":false,"sceneViewState":{"showFog":false,"showMaterialUpdate":false,"showSkybox":false,"showFlares":false,"showImageEffects":false,"showParticleSystems":false},"in2DMode":false,"pivot":{"x":-16.693241119384767,"y":-1.529002070426941,"z":-7.670812606811523},"rotation":{"x":0.030028732493519784,"y":-0.9571818709373474,"z":0.10817821323871613,"w":0.26706504821777346},"size":7.378536224365234,"orthographic":false}