{"cameraMode":{"drawMode":0,"name":"Shaded","section":"Shading Mode"},"sceneLighting":true,"audioPlay":false,"sceneViewState":{"showFog":false,"showMaterialUpdate":false,"showSkybox":false,"showFlares":false,"showImageEffects":false,"showParticleSystems":false},"in2DMode":false,"pivot":{"x":11.236566543579102,"y":-1.7961158752441407,"z":3.4449057579040529},"rotation":{"x":-0.05453202873468399,"y":0.9267191290855408,"z":-0.3409671187400818,"w":-0.1492544412612915},"size":24.295867919921876,"orthographic":false}