{"cameraMode":{"drawMode":0,"name":"Shaded","section":"Shading Mode"},"sceneLighting":false,"audioPlay":false,"sceneViewState":{"showFog":false,"showMaterialUpdate":false,"showSkybox":false,"showFlares":false,"showImageEffects":false,"showParticleSystems":false},"in2DMode":false,"pivot":{"x":20.47268295288086,"y":10.031144142150879,"z":-4.993013858795166},"rotation":{"x":0.017030145972967149,"y":0.9806135296821594,"z":-0.19952011108398438,"w":0.017964836210012437},"size":0.3426276743412018,"orthographic":false}