{"cameraMode":{"drawMode":0,"name":"Shaded","section":"Shading Mode"},"sceneLighting":false,"audioPlay":false,"sceneViewState":{"showFog":false,"showMaterialUpdate":false,"showSkybox":false,"showFlares":false,"showImageEffects":false,"showParticleSystems":false},"in2DMode":false,"pivot":{"x":0.0,"y":1.2879999876022339,"z":1.5299999713897706},"rotation":{"x":0.12258333712816239,"y":-0.8519933223724365,"z":0.23037651181221009,"w":0.454023540019989},"size":0.050000011920928958,"orthographic":false}