{"cameraMode":{"drawMode":0,"name":"Shaded","section":"Shading Mode"},"sceneLighting":false,"audioPlay":false,"sceneViewState":{"showFog":false,"showMaterialUpdate":false,"showSkybox":false,"showFlares":false,"showImageEffects":false,"showParticleSystems":false},"in2DMode":false,"pivot":{"x":-25.058937072753908,"y":14.12756061553955,"z":4.113620758056641},"rotation":{"x":0.05799984559416771,"y":-0.7843198180198669,"z":0.07443524152040482,"w":0.6132396459579468},"size":14.757072448730469,"orthographic":false}