{"cameraMode":{"drawMode":0,"name":"Shaded","section":"Shading Mode"},"sceneLighting":false,"audioPlay":false,"sceneViewState":{"showFog":false,"showMaterialUpdate":false,"showSkybox":false,"showFlares":false,"showImageEffects":false,"showParticleSystems":false},"in2DMode":false,"pivot":{"x":6.459625244140625,"y":-17.913375854492189,"z":-15.951641082763672},"rotation":{"x":0.0047792112454771999,"y":-0.8741323351860046,"z":0.4870092272758484,"w":0.029653485864400865},"size":14.978010177612305,"orthographic":false}