{"cameraMode":{"drawMode":0,"name":"Shaded","section":"Shading Mode"},"sceneLighting":true,"audioPlay":true,"sceneViewState":{"showFog":false,"showMaterialUpdate":false,"showSkybox":false,"showFlares":false,"showImageEffects":false,"showParticleSystems":false},"in2DMode":false,"pivot":{"x":-12.030597686767579,"y":-31.437297821044923,"z":49.858375549316409},"rotation":{"x":0.3929269313812256,"y":-0.22480632364749909,"z":0.11096422374248505,"w":0.8856940865516663},"size":39.24095916748047,"orthographic":false}