{"cameraMode":{"drawMode":0,"name":"Shaded","section":"Shading Mode"},"sceneLighting":false,"audioPlay":false,"sceneViewState":{"showFog":false,"showMaterialUpdate":false,"showSkybox":false,"showFlares":false,"showImageEffects":false,"showParticleSystems":false},"in2DMode":false,"pivot":{"x":-26.837100982666017,"y":1.502927303314209,"z":12.893575668334961},"rotation":{"x":0.1258668303489685,"y":-0.867480993270874,"z":0.278425008058548,"w":0.39273908734321597},"size":0.6062871813774109,"orthographic":false}