{"cameraMode":{"drawMode":0,"name":"Shaded","section":"Shading Mode"},"sceneLighting":false,"audioPlay":false,"sceneViewState":{"showFog":false,"showMaterialUpdate":false,"showSkybox":false,"showFlares":false,"showImageEffects":false,"showParticleSystems":false},"in2DMode":false,"pivot":{"x":10.267271995544434,"y":10.620744705200196,"z":-2.108649969100952},"rotation":{"x":0.049697455018758777,"y":-0.9502797722816467,"z":0.22139690816402436,"w":0.21329468488693238},"size":1.2441571950912476,"orthographic":false}