{"cameraMode":{"drawMode":0,"name":"Shaded","section":"Shading Mode"},"sceneLighting":false,"audioPlay":false,"sceneViewState":{"showFog":false,"showMaterialUpdate":false,"showSkybox":false,"showFlares":false,"showImageEffects":false,"showParticleSystems":false},"in2DMode":false,"pivot":{"x":21.41269302368164,"y":10.166069984436036,"z":21.162099838256837},"rotation":{"x":0.005645295139402151,"y":0.1347261518239975,"z":-0.008009330369532109,"w":-0.9917263388633728},"size":10.85682487487793,"orthographic":false}