{"cameraMode":{"drawMode":0,"name":"Shaded","section":"Shading Mode"},"sceneLighting":false,"audioPlay":false,"sceneViewState":{"showFog":false,"showMaterialUpdate":false,"showSkybox":false,"showFlares":false,"showImageEffects":false,"showParticleSystems":false},"in2DMode":false,"pivot":{"x":-41.33409118652344,"y":8.335341453552246,"z":2.2446560859680177},"rotation":{"x":0.0009355737129226327,"y":0.716707706451416,"z":-0.0243857279419899,"w":-0.6997281312942505},"size":19.68859100341797,"orthographic":false}