{"cameraMode":{"drawMode":0,"name":"Shaded","section":"Shading Mode"},"sceneLighting":false,"audioPlay":false,"sceneViewState":{"showFog":false,"showMaterialUpdate":false,"showSkybox":false,"showFlares":false,"showImageEffects":false,"showParticleSystems":false},"in2DMode":false,"pivot":{"x":-24.78417205810547,"y":2.4653377532958986,"z":3.482410192489624},"rotation":{"x":0.10714790970087052,"y":-0.6867778301239014,"z":0.11861817538738251,"w":0.7106102705001831},"size":14.978010177612305,"orthographic":false}