{"cameraMode":{"drawMode":0,"name":"Shaded","section":"Shading Mode"},"sceneLighting":false,"audioPlay":false,"sceneViewState":{"showFog":false,"showMaterialUpdate":false,"showSkybox":false,"showFlares":false,"showImageEffects":false,"showParticleSystems":false},"in2DMode":false,"pivot":{"x":-43.3331184387207,"y":-21.85062599182129,"z":-17.38749885559082},"rotation":{"x":0.12258333712816239,"y":-0.8519933223724365,"z":0.23037651181221009,"w":0.454023540019989},"size":35.848854064941409,"orthographic":false}