{"cameraMode":{"drawMode":0,"name":"Shaded","section":"Shading Mode"},"sceneLighting":true,"audioPlay":false,"sceneViewState":{"showFog":true,"showMaterialUpdate":false,"showSkybox":true,"showFlares":true,"showImageEffects":true,"showParticleSystems":true},"in2DMode":false,"pivot":{"x":26.031917572021486,"y":9.927499771118164,"z":1.1767511367797852},"rotation":{"x":0.149027481675148,"y":0.7116084098815918,"z":-0.15875528752803803,"w":0.6679975986480713},"size":3.814253091812134,"orthographic":false}