{"cameraMode":{"drawMode":0,"name":"Shaded","section":"Shading Mode"},"sceneLighting":false,"audioPlay":false,"sceneViewState":{"showFog":false,"showMaterialUpdate":false,"showSkybox":false,"showFlares":false,"showImageEffects":false,"showParticleSystems":false},"in2DMode":false,"pivot":{"x":1.3534455299377442,"y":1.5826301574707032,"z":7.331240653991699},"rotation":{"x":-0.1896904855966568,"y":0.7875829935073853,"z":-0.4863390028476715,"w":-0.33060744404792788},"size":4.483731746673584,"orthographic":false}