{"cameraMode":{"drawMode":0,"name":"Shaded","section":"Shading Mode"},"sceneLighting":false,"audioPlay":false,"sceneViewState":{"showFog":false,"showMaterialUpdate":false,"showSkybox":false,"showFlares":false,"showImageEffects":false,"showParticleSystems":false},"in2DMode":false,"pivot":{"x":-15.335400581359864,"y":9.853233337402344,"z":-1.5343714952468873},"rotation":{"x":-0.12042289227247238,"y":-0.7408121228218079,"z":0.1364864557981491,"w":-0.6469624638557434},"size":9.24397087097168,"orthographic":false}