{"cameraMode":{"drawMode":0,"name":"Shaded","section":"Shading Mode"},"sceneLighting":false,"audioPlay":false,"sceneViewState":{"showFog":false,"showMaterialUpdate":false,"showSkybox":false,"showFlares":false,"showImageEffects":false,"showParticleSystems":false},"in2DMode":false,"pivot":{"x":9.297534942626954,"y":3.104823112487793,"z":28.880996704101564},"rotation":{"x":-0.3636399209499359,"y":-0.07673297822475434,"z":0.03007565625011921,"w":-0.9279004335403442},"size":8.382966041564942,"orthographic":false}