{"cameraMode":{"drawMode":0,"name":"Shaded","section":"Shading Mode"},"sceneLighting":false,"audioPlay":false,"sceneViewState":{"showFog":false,"showMaterialUpdate":false,"showSkybox":false,"showFlares":false,"showImageEffects":false,"showParticleSystems":false},"in2DMode":false,"pivot":{"x":19.27875328063965,"y":7.078599452972412,"z":15.905834197998047},"rotation":{"x":-0.00039247999666258693,"y":-0.9868270754814148,"z":0.11221954226493836,"w":0.13111676275730134},"size":9.735404968261719,"orthographic":false}