{"cameraMode":{"drawMode":0,"name":"Shaded","section":"Shading Mode"},"sceneLighting":true,"audioPlay":false,"sceneViewState":{"showFog":false,"showMaterialUpdate":false,"showSkybox":false,"showFlares":false,"showImageEffects":false,"showParticleSystems":false},"in2DMode":false,"pivot":{"x":12.177996635437012,"y":4.680278778076172,"z":-3.7014176845550539},"rotation":{"x":-0.011787405237555504,"y":0.9878416061401367,"z":-0.12242171913385391,"w":-0.09512444585561753},"size":1.212931752204895,"orthographic":false}