{"cameraMode":{"drawMode":0,"name":"Shaded","section":"Shading Mode"},"sceneLighting":true,"audioPlay":false,"sceneViewState":{"showFog":true,"showMaterialUpdate":false,"showSkybox":true,"showFlares":true,"showImageEffects":true,"showParticleSystems":true},"in2DMode":false,"pivot":{"x":17.446378707885743,"y":-12.886727333068848,"z":3.9191479682922365},"rotation":{"x":0.3024003803730011,"y":-0.6936669945716858,"z":0.41580766439437868,"w":0.5044859647750855},"size":13.206619262695313,"orthographic":false}