{"cameraMode":{"drawMode":0,"name":"Shaded","section":"Shading Mode"},"sceneLighting":true,"audioPlay":false,"sceneViewState":{"showFog":true,"showMaterialUpdate":false,"showSkybox":true,"showFlares":true,"showImageEffects":true,"showParticleSystems":true},"in2DMode":false,"pivot":{"x":-2.9603114128112795,"y":-1.409659504890442,"z":107.9992904663086},"rotation":{"x":-0.08667820692062378,"y":0.07528403401374817,"z":-0.006214987952262163,"w":-0.9934920072555542},"size":39.54715347290039,"orthographic":false}