{"cameraMode":{"drawMode":0,"name":"Shaded","section":"Shading Mode"},"sceneLighting":true,"audioPlay":false,"sceneViewState":{"showFog":true,"showMaterialUpdate":false,"showSkybox":true,"showFlares":true,"showImageEffects":true,"showParticleSystems":true},"in2DMode":false,"pivot":{"x":8.360753059387207,"y":12.758502960205079,"z":35.88478469848633},"rotation":{"x":-0.16830676794052125,"y":0.3265489637851715,"z":-0.05968957021832466,"w":-0.9283992648124695},"size":3.3239104747772219,"orthographic":false}