{"cameraMode":{"drawMode":0,"name":"Shaded","section":"Shading Mode"},"sceneLighting":true,"audioPlay":false,"sceneViewState":{"showFog":true,"showMaterialUpdate":false,"showSkybox":true,"showFlares":true,"showImageEffects":true,"showParticleSystems":true},"in2DMode":false,"pivot":{"x":28.44260597229004,"y":13.89159107208252,"z":16.66912269592285},"rotation":{"x":-0.0020233765244483949,"y":0.9920398592948914,"z":-0.016377363353967668,"w":-0.12509354948997498},"size":5.692936897277832,"orthographic":false}