{"cameraMode":{"drawMode":0,"name":"Shaded","section":"Shading Mode"},"sceneLighting":true,"audioPlay":false,"sceneViewState":{"showFog":true,"showMaterialUpdate":false,"showSkybox":true,"showFlares":true,"showImageEffects":true,"showParticleSystems":true},"in2DMode":false,"pivot":{"x":4.928886413574219,"y":11.951604843139649,"z":9.532495498657227},"rotation":{"x":0.09437216073274613,"y":0.0038770718965679409,"z":-0.0002611125528346747,"w":0.9956803917884827},"size":2.1998276710510256,"orthographic":false}