{"cameraMode":{"drawMode":0,"name":"Shaded","section":"Shading Mode"},"sceneLighting":true,"audioPlay":false,"sceneViewState":{"showFog":true,"showMaterialUpdate":false,"showSkybox":true,"showFlares":true,"showImageEffects":true,"showParticleSystems":true},"in2DMode":false,"pivot":{"x":16.573854446411134,"y":12.104541778564454,"z":11.930776596069336},"rotation":{"x":0.06643589586019516,"y":-0.5195659399032593,"z":0.04073876515030861,"w":0.8510488867759705},"size":2.1998276710510256,"orthographic":false}