{"cameraMode":{"drawMode":0,"name":"Shaded","section":"Shading Mode"},"sceneLighting":true,"audioPlay":false,"sceneViewState":{"showFog":true,"showMaterialUpdate":false,"showSkybox":true,"showFlares":true,"showImageEffects":true,"showParticleSystems":true},"in2DMode":false,"pivot":{"x":15.019774436950684,"y":21.333101272583009,"z":-8.348512649536133},"rotation":{"x":-0.025637680664658548,"y":0.9669466614723206,"z":0.10624820739030838,"w":0.2310188114643097},"size":10.0,"orthographic":false}