{"cameraMode":{"drawMode":0,"name":"Shaded","section":"Shading Mode"},"sceneLighting":true,"audioPlay":false,"sceneViewState":{"showFog":true,"showMaterialUpdate":false,"showSkybox":true,"showFlares":true,"showImageEffects":true,"showParticleSystems":true},"in2DMode":false,"pivot":{"x":-2.781686544418335,"y":12.185463905334473,"z":20.247358322143556},"rotation":{"x":0.17741180956363679,"y":-0.0430467426776886,"z":0.007756367791444063,"w":0.9833190441131592},"size":10.0,"orthographic":false}