{"cameraMode":{"drawMode":0,"name":"Shaded","section":"Shading Mode"},"sceneLighting":true,"audioPlay":false,"sceneViewState":{"showFog":true,"showMaterialUpdate":false,"showSkybox":true,"showFlares":true,"showImageEffects":true,"showParticleSystems":true},"in2DMode":false,"pivot":{"x":-2.0001468658447267,"y":-49.88398742675781,"z":671.5697631835938},"rotation":{"x":0.32229650020599368,"y":0.04287645220756531,"z":-0.014617720618844033,"w":0.9455673098564148},"size":370.78363037109377,"orthographic":false}