{"cameraMode":{"drawMode":0,"name":"Shaded","section":"Shading Mode"},"sceneLighting":true,"audioPlay":false,"sceneViewState":{"showFog":true,"showMaterialUpdate":false,"showSkybox":true,"showFlares":true,"showImageEffects":true,"showParticleSystems":true},"in2DMode":false,"pivot":{"x":224.66578674316407,"y":-31.134883880615236,"z":-9.58191967010498},"rotation":{"x":0.06281838566064835,"y":0.7348841428756714,"z":-0.06840340048074722,"w":0.6718957424163818},"size":104.40425872802735,"orthographic":false}