{"cameraMode":{"drawMode":0,"name":"Shaded","section":"Shading Mode"},"sceneLighting":true,"audioPlay":false,"sceneViewState":{"showFog":true,"showMaterialUpdate":false,"showSkybox":true,"showFlares":true,"showImageEffects":true,"showParticleSystems":true},"in2DMode":false,"pivot":{"x":32.763771057128909,"y":9.04019832611084,"z":1.9256819486618043},"rotation":{"x":-0.22267645597457887,"y":0.576069712638855,"z":-0.16689832508563996,"w":-0.7685834765434265},"size":6.24161958694458,"orthographic":false}