{"cameraMode":{"drawMode":0,"name":"Shaded","section":"Shading Mode"},"sceneLighting":true,"audioPlay":false,"sceneViewState":{"showFog":true,"showMaterialUpdate":false,"showSkybox":true,"showFlares":true,"showImageEffects":true,"showParticleSystems":true},"in2DMode":false,"pivot":{"x":44.31403350830078,"y":20.83324432373047,"z":-1.5557451248168946},"rotation":{"x":0.25322142243385317,"y":-0.43225783109664919,"z":0.12883897125720979,"w":0.8561522364616394},"size":11.925186157226563,"orthographic":false}