{"cameraMode":{"drawMode":0,"name":"Shaded","section":"Shading Mode"},"sceneLighting":true,"audioPlay":false,"sceneViewState":{"showFog":true,"showMaterialUpdate":false,"showSkybox":true,"showFlares":true,"showImageEffects":true,"showParticleSystems":true},"in2DMode":false,"pivot":{"x":19.298828125,"y":5.809281349182129,"z":45.842655181884769},"rotation":{"x":0.09838148206472397,"y":0.1304485946893692,"z":-0.012492147274315358,"w":0.9867082834243774},"size":17.658035278320314,"orthographic":false}