{"cameraMode":{"drawMode":0,"name":"Shaded","section":"Shading Mode"},"sceneLighting":true,"audioPlay":false,"sceneViewState":{"showFog":true,"showMaterialUpdate":false,"showSkybox":true,"showFlares":true,"showImageEffects":true,"showParticleSystems":true},"in2DMode":false,"pivot":{"x":28.23350715637207,"y":7.982403755187988,"z":15.72365951538086},"rotation":{"x":0.07343261688947678,"y":0.008690357208251953,"z":-0.0006334130303002894,"w":0.997276782989502},"size":6.24161958694458,"orthographic":false}