{"cameraMode":{"drawMode":0,"name":"Shaded","section":"Shading Mode"},"sceneLighting":true,"audioPlay":false,"sceneViewState":{"showFog":true,"showMaterialUpdate":false,"showSkybox":true,"showFlares":true,"showImageEffects":true,"showParticleSystems":true},"in2DMode":false,"pivot":{"x":22.826311111450197,"y":2.937145709991455,"z":44.437496185302737},"rotation":{"x":-0.10024440288543701,"y":0.04350631311535835,"z":-0.004347518086433411,"w":-0.9940746426582336},"size":17.658035278320314,"orthographic":false}