{"cameraMode":{"drawMode":0,"name":"Shaded","section":"Shading Mode"},"sceneLighting":true,"audioPlay":false,"sceneViewState":{"showFog":true,"showMaterialUpdate":false,"showSkybox":true,"showFlares":true,"showImageEffects":true,"showParticleSystems":true},"in2DMode":false,"pivot":{"x":22.779268264770509,"y":22.473987579345704,"z":13.53173542022705},"rotation":{"x":0.10174120962619782,"y":0.039974674582481387,"z":0.004089951980859041,"w":-0.9940057396888733},"size":6.4861650466918949,"orthographic":false}