{"cameraMode":{"drawMode":0,"name":"Shaded","section":"Shading Mode"},"sceneLighting":false,"audioPlay":false,"sceneViewState":{"showFog":false,"showMaterialUpdate":false,"showSkybox":false,"showFlares":false,"showImageEffects":false,"showParticleSystems":false},"in2DMode":false,"pivot":{"x":5.158342361450195,"y":14.135580062866211,"z":3.6247880458831789},"rotation":{"x":0.09005694091320038,"y":-0.17157097160816194,"z":0.015529058873653412,"w":0.9810677766799927},"size":0.565343976020813,"orthographic":false}