{"cameraMode":{"drawMode":0,"name":"Shaded","section":"Shading Mode"},"sceneLighting":false,"audioPlay":false,"sceneViewState":{"showFog":false,"showMaterialUpdate":false,"showSkybox":false,"showFlares":false,"showImageEffects":false,"showParticleSystems":false},"in2DMode":false,"pivot":{"x":-1.7356679439544678,"y":0.5270320773124695,"z":-0.9176477789878845},"rotation":{"x":-0.06816855818033219,"y":-0.6684191823005676,"z":0.06173871457576752,"w":-0.7380911707878113},"size":0.11102959513664246,"orthographic":false}