{"cameraMode":{"drawMode":0,"name":"Shaded","section":"Shading Mode"},"sceneLighting":false,"audioPlay":false,"sceneViewState":{"showFog":false,"showMaterialUpdate":false,"showSkybox":false,"showFlares":false,"showImageEffects":false,"showParticleSystems":false},"in2DMode":false,"pivot":{"x":19.367828369140626,"y":9.503026008605957,"z":11.149601936340332},"rotation":{"x":-0.056668661534786227,"y":0.17605847120285035,"z":-0.010153383947908879,"w":-0.9826976656913757},"size":1.908184289932251,"orthographic":false}