{"cameraMode":{"drawMode":0,"name":"Shaded","section":"Shading Mode"},"sceneLighting":false,"audioPlay":false,"sceneViewState":{"showFog":false,"showMaterialUpdate":false,"showSkybox":false,"showFlares":false,"showImageEffects":false,"showParticleSystems":false},"in2DMode":false,"pivot":{"x":7.814043045043945,"y":3.4566640853881838,"z":-3.7225406169891359},"rotation":{"x":-0.08406282216310501,"y":0.9006140828132629,"z":-0.37229079008102419,"w":-0.2089564949274063},"size":2.5734505653381349,"orthographic":false}