{"cameraMode":{"drawMode":0,"name":"Shaded","section":"Shading Mode"},"sceneLighting":false,"audioPlay":false,"sceneViewState":{"showFog":false,"showMaterialUpdate":false,"showSkybox":false,"showFlares":false,"showImageEffects":false,"showParticleSystems":false},"in2DMode":false,"pivot":{"x":39.632965087890628,"y":-134.48471069335938,"z":103.3189468383789},"rotation":{"x":0.5202615261077881,"y":0.10676588863134384,"z":-0.06575442105531693,"w":0.8447723984718323},"size":84.87049102783203,"orthographic":false}