{"cameraMode":{"drawMode":0,"name":"Shaded","section":"Shading Mode"},"sceneLighting":false,"audioPlay":false,"sceneViewState":{"showFog":false,"showMaterialUpdate":false,"showSkybox":false,"showFlares":false,"showImageEffects":false,"showParticleSystems":false},"in2DMode":false,"pivot":{"x":9.57374095916748,"y":7.0062432289123539,"z":4.212839126586914},"rotation":{"x":0.36442890763282778,"y":-0.12322831898927689,"z":0.048726752400398257,"w":0.9217634797096252},"size":3.1633574962615969,"orthographic":false}