{"cameraMode":{"drawMode":0,"name":"Shaded","section":"Shading Mode"},"sceneLighting":false,"audioPlay":false,"sceneViewState":{"showFog":false,"showMaterialUpdate":false,"showSkybox":false,"showFlares":false,"showImageEffects":false,"showParticleSystems":false},"in2DMode":false,"pivot":{"x":22.04874610900879,"y":13.455080032348633,"z":9.193416595458985},"rotation":{"x":-0.01771656982600689,"y":-0.9799246788024902,"z":0.07902520895004273,"w":-0.18396438658237458},"size":2.5734505653381349,"orthographic":false}