{"cameraMode":{"drawMode":0,"name":"Shaded","section":"Shading Mode"},"sceneLighting":false,"audioPlay":false,"sceneViewState":{"showFog":false,"showMaterialUpdate":false,"showSkybox":false,"showFlares":false,"showImageEffects":false,"showParticleSystems":false},"in2DMode":false,"pivot":{"x":4.289314270019531,"y":12.586174011230469,"z":9.679902076721192},"rotation":{"x":0.005085837561637163,"y":-0.9839574694633484,"z":0.13913528621196748,"w":0.12132401019334793},"size":2.302194833755493,"orthographic":false}