{"cameraMode":{"drawMode":0,"name":"Shaded","section":"Shading Mode"},"sceneLighting":false,"audioPlay":false,"sceneViewState":{"showFog":false,"showMaterialUpdate":false,"showSkybox":false,"showFlares":false,"showImageEffects":false,"showParticleSystems":false},"in2DMode":false,"pivot":{"x":12.486626625061036,"y":5.29655122756958,"z":-4.800009727478027},"rotation":{"x":0.03727443888783455,"y":-0.9610960483551025,"z":0.18418730795383454,"w":0.20338398218154908},"size":0.255844384431839,"orthographic":false}