{"cameraMode":{"drawMode":0,"name":"Shaded","section":"Shading Mode"},"sceneLighting":false,"audioPlay":false,"sceneViewState":{"showFog":false,"showMaterialUpdate":false,"showSkybox":false,"showFlares":false,"showImageEffects":false,"showParticleSystems":false},"in2DMode":false,"pivot":{"x":-20.033126831054689,"y":1.0700010061264039,"z":12.52679443359375},"rotation":{"x":0.1104801595211029,"y":-0.8474214673042297,"z":0.2186351865530014,"w":0.47340694069862368},"size":14.142135620117188,"orthographic":false}