{"cameraMode":{"drawMode":0,"name":"Shaded","section":"Shading Mode"},"sceneLighting":false,"audioPlay":false,"sceneViewState":{"showFog":false,"showMaterialUpdate":false,"showSkybox":false,"showFlares":false,"showImageEffects":false,"showParticleSystems":false},"in2DMode":false,"pivot":{"x":-12.73271369934082,"y":7.3082051277160648,"z":38.41014099121094},"rotation":{"x":-0.05965904891490936,"y":0.6719815731048584,"z":-0.05467506870627403,"w":-0.7363308072090149},"size":7.573163986206055,"orthographic":false}