{"cameraMode":{"drawMode":0,"name":"Shaded","section":"Shading Mode"},"sceneLighting":false,"audioPlay":false,"sceneViewState":{"showFog":false,"showMaterialUpdate":false,"showSkybox":false,"showFlares":false,"showImageEffects":false,"showParticleSystems":false},"in2DMode":false,"pivot":{"x":10.788884162902832,"y":11.810306549072266,"z":17.03592872619629},"rotation":{"x":0.14255967736244203,"y":-0.7472746968269348,"z":0.18652166426181794,"w":0.6234666109085083},"size":4.420971393585205,"orthographic":false}